image_id,predictions,true_label
ISIC_0024317,1,0
ISIC_0024318,1,0
ISIC_0024323,0,1
ISIC_0024325,1,0
ISIC_0024342,0,1
ISIC_0024345,0,1
ISIC_0024348,0,1
ISIC_0024353,1,0
ISIC_0024355,1,0
ISIC_0024358,0,1
ISIC_0024370,0,1
ISIC_0024372,1,0
ISIC_0024375,1,0
ISIC_0024376,0,1
ISIC_0024379,1,0
ISIC_0024382,0,1
ISIC_0024390,0,1
ISIC_0024392,1,0
ISIC_0024396,1,0
ISIC_0024399,1,0
ISIC_0024412,0,1
ISIC_0024417,1,0
ISIC_0024426,1,0
ISIC_0024427,0,1
ISIC_0024436,1,0
ISIC_0024457,0,1
ISIC_0024461,1,0
ISIC_0024463,1,0
ISIC_0024466,1,0
ISIC_0024467,0,1
ISIC_0024474,0,1
ISIC_0024493,0,1
ISIC_0024495,1,0
ISIC_0024498,0,1
ISIC_0024501,0,1
ISIC_0024505,0,1
ISIC_0024509,0,1
ISIC_0024510,1,0
ISIC_0024521,0,1
ISIC_0024530,0,1
ISIC_0024534,1,0
ISIC_0024541,0,1
ISIC_0024545,1,0
ISIC_0024550,0,1
ISIC_0024560,1,0
ISIC_0024564,1,0
ISIC_0024570,1,0
ISIC_0024587,1,0
ISIC_0024593,0,1
ISIC_0024608,1,0
ISIC_0024610,0,1
ISIC_0024616,1,0
ISIC_0024622,0,1
ISIC_0024625,1,0
ISIC_0024654,1,0
ISIC_0024656,0,1
ISIC_0024661,0,1
ISIC_0024668,0,1
ISIC_0024670,1,0
ISIC_0024671,1,0
ISIC_0024673,1,0
ISIC_0024681,0,1
ISIC_0024693,0,1
ISIC_0024696,1,0
ISIC_0024711,0,1
ISIC_0024713,0,1
ISIC_0024714,1,0
ISIC_0024715,1,0
ISIC_0024731,0,1
ISIC_0024737,1,0
ISIC_0024756,0,1
ISIC_0024763,1,0
ISIC_0024764,0,1
ISIC_0024767,1,0
ISIC_0024774,0,1
ISIC_0024796,0,1
ISIC_0024800,1,0
ISIC_0024803,0,1
ISIC_0024814,1,0
ISIC_0024824,0,1
ISIC_0024837,0,1
ISIC_0024845,1,0
ISIC_0024851,0,1
ISIC_0024853,0,1
ISIC_0024858,0,1
ISIC_0024860,1,0
ISIC_0024862,1,0
ISIC_0024871,0,1
ISIC_0024873,1,0
ISIC_0024877,0,1
ISIC_0024878,0,1
ISIC_0024879,1,0
ISIC_0024880,0,1
ISIC_0024883,0,1
ISIC_0024884,1,0
ISIC_0024888,0,1
ISIC_0024889,0,1
ISIC_0024899,1,0
ISIC_0024901,1,0
ISIC_0024911,1,0
ISIC_0024921,1,0
ISIC_0024923,1,0
ISIC_0024925,1,0
ISIC_0024930,1,0
ISIC_0024941,1,0
ISIC_0024942,1,0
ISIC_0024947,0,1
ISIC_0024948,1,0
ISIC_0024959,1,0
ISIC_0024968,1,0
ISIC_0024970,1,0
ISIC_0024976,0,1
ISIC_0024987,0,1
ISIC_0024988,1,0
ISIC_0024992,1,0
ISIC_0024993,1,0
ISIC_0024999,0,1
ISIC_0025003,0,1
ISIC_0025013,1,0
ISIC_0025020,1,0
ISIC_0025027,1,0
ISIC_0025031,1,0
ISIC_0025037,1,0
ISIC_0025038,0,1
ISIC_0025042,0,1
ISIC_0025049,0,1
ISIC_0025067,0,1
ISIC_0025073,0,1
ISIC_0025078,0,1
ISIC_0025088,1,0
ISIC_0025096,1,0
ISIC_0025111,1,0
ISIC_0025113,1,0
ISIC_0025133,1,0
ISIC_0025140,1,0
ISIC_0025147,1,0
ISIC_0025150,0,1
ISIC_0025153,0,1
ISIC_0025156,1,0
ISIC_0025162,0,1
ISIC_0025164,0,1
ISIC_0025172,1,0
ISIC_0025176,0,1
ISIC_0025182,1,0
ISIC_0025202,0,1
ISIC_0025203,1,0
ISIC_0025205,0,1
ISIC_0025216,0,1
ISIC_0025218,0,1
ISIC_0025225,1,0
ISIC_0025226,0,1
ISIC_0025228,0,1
ISIC_0025234,0,1
ISIC_0025252,1,0
ISIC_0025260,1,0
ISIC_0025264,1,0
ISIC_0025274,0,1
ISIC_0025285,1,0
ISIC_0025291,0,1
ISIC_0025295,1,0
ISIC_0025298,1,0
ISIC_0025301,1,0
ISIC_0025306,0,1
ISIC_0025307,0,1
ISIC_0025311,0,1
ISIC_0025312,1,0
ISIC_0025315,1,0
ISIC_0025316,0,1
ISIC_0025321,1,0
ISIC_0025323,1,0
ISIC_0025334,0,1
ISIC_0025335,1,0
ISIC_0025336,0,1
ISIC_0025342,1,0
ISIC_0025351,1,0
ISIC_0025357,0,1
ISIC_0025358,1,0
ISIC_0025369,1,0
ISIC_0025373,0,1
ISIC_0025377,1,0
ISIC_0025391,0,1
ISIC_0025400,1,0
ISIC_0025404,0,1
ISIC_0025406,1,0
ISIC_0025412,1,0
ISIC_0025419,0,1
ISIC_0025421,0,1
ISIC_0025431,0,1
ISIC_0025442,0,1
ISIC_0025473,0,1
ISIC_0025486,1,0
ISIC_0025489,1,0
ISIC_0025506,1,0
ISIC_0025508,1,0
ISIC_0025514,1,0
ISIC_0025516,1,0
ISIC_0025527,1,0
ISIC_0025539,1,0
ISIC_0025548,1,0
ISIC_0025549,1,0
ISIC_0025563,1,0
ISIC_0025571,1,0
ISIC_0025579,1,0
ISIC_0025580,0,1
ISIC_0025588,1,0
ISIC_0025597,1,0
ISIC_0025598,1,0
ISIC_0025601,0,1
ISIC_0025610,0,1
ISIC_0025611,0,1
ISIC_0025612,0,1
ISIC_0025614,0,1
ISIC_0025615,1,0
ISIC_0025616,0,1
ISIC_0025618,0,1
ISIC_0025626,1,0
ISIC_0025638,0,1
ISIC_0025642,0,1
ISIC_0025650,1,0
ISIC_0025657,0,1
ISIC_0025659,0,1
ISIC_0025665,0,1
ISIC_0025668,0,1
ISIC_0025686,0,1
ISIC_0025687,0,1
ISIC_0025695,1,0
ISIC_0025703,1,0
ISIC_0025706,1,0
ISIC_0025708,0,1
ISIC_0025713,0,1
ISIC_0025715,1,0
ISIC_0025716,0,1
ISIC_0025725,1,0
ISIC_0025730,1,0
ISIC_0025734,0,1
ISIC_0025735,0,1
ISIC_0025737,1,0
ISIC_0025738,1,0
ISIC_0025745,0,1
ISIC_0025746,0,1
ISIC_0025749,0,1
ISIC_0025756,0,1
ISIC_0025764,1,0
ISIC_0025765,0,1
ISIC_0025777,0,1
ISIC_0025785,1,0
ISIC_0025788,1,0
ISIC_0025789,0,1
ISIC_0025795,1,0
ISIC_0025804,1,0
ISIC_0025813,1,0
ISIC_0025816,1,0
ISIC_0025845,1,0
ISIC_0025860,1,0
ISIC_0025861,0,1
ISIC_0025866,1,0
ISIC_0025871,0,1
ISIC_0025875,1,0
ISIC_0025877,1,0
ISIC_0025891,1,0
ISIC_0025904,0,1
ISIC_0025913,0,1
ISIC_0025922,0,1
ISIC_0025925,0,1
ISIC_0025931,0,1
ISIC_0025936,1,0
ISIC_0025937,1,0
ISIC_0025940,0,1
ISIC_0025942,1,0
ISIC_0025947,1,0
ISIC_0025950,1,0
ISIC_0025969,1,0
ISIC_0025976,1,0
ISIC_0025982,1,0
ISIC_0025987,0,1
ISIC_0026010,0,1
ISIC_0026013,1,0
ISIC_0026014,0,1
ISIC_0026019,1,0
ISIC_0026021,0,1
ISIC_0026023,1,0
ISIC_0026030,1,0
ISIC_0026031,0,1
ISIC_0026033,1,0
ISIC_0026036,1,0
ISIC_0026038,0,1
ISIC_0026043,1,0
ISIC_0026045,0,1
ISIC_0026047,1,0
ISIC_0026059,0,1
ISIC_0026068,0,1
ISIC_0026078,1,0
ISIC_0026085,0,1
ISIC_0026086,1,0
ISIC_0026098,0,1
ISIC_0026114,0,1
ISIC_0026122,0,1
ISIC_0026126,1,0
ISIC_0026130,1,0
ISIC_0026133,1,0
ISIC_0026136,0,1
ISIC_0026145,0,1
ISIC_0026168,0,1
ISIC_0026170,0,1
ISIC_0026171,0,1
ISIC_0026172,1,0
ISIC_0026180,0,1
ISIC_0026182,0,1
ISIC_0026189,0,1
ISIC_0026190,1,0
ISIC_0026196,0,1
ISIC_0026207,0,1
ISIC_0026210,0,1
ISIC_0026211,1,0
ISIC_0026225,0,1
ISIC_0026229,0,1
ISIC_0026235,1,0
ISIC_0026240,1,0
ISIC_0026249,1,0
ISIC_0026254,0,1
ISIC_0026259,0,1
ISIC_0026262,1,0
ISIC_0026263,0,1
ISIC_0026267,0,1
ISIC_0026286,1,0
ISIC_0026287,0,1
ISIC_0026309,0,1
ISIC_0026316,0,1
ISIC_0026327,1,0
ISIC_0026330,0,1
ISIC_0026333,1,0
ISIC_0026341,1,0
ISIC_0026343,0,1
ISIC_0026344,1,0
ISIC_0026352,0,1
ISIC_0026358,1,0
ISIC_0026362,1,0
ISIC_0026366,0,1
ISIC_0026368,1,0
ISIC_0026379,0,1
ISIC_0026386,1,0
ISIC_0026389,1,0
ISIC_0026391,1,0
ISIC_0026397,1,0
ISIC_0026403,0,1
ISIC_0026415,1,0
ISIC_0026420,1,0
ISIC_0026433,1,0
ISIC_0026434,1,0
ISIC_0026435,1,0
ISIC_0026450,0,1
ISIC_0026451,1,0
ISIC_0026452,1,0
ISIC_0026456,1,0
ISIC_0026457,1,0
ISIC_0026459,1,0
ISIC_0026460,1,0
ISIC_0026463,1,0
ISIC_0026475,0,1
ISIC_0026477,1,0
ISIC_0026486,0,1
ISIC_0026487,1,0
ISIC_0026491,1,0
ISIC_0026501,0,1
ISIC_0026508,0,1
ISIC_0026515,0,1
ISIC_0026518,0,1
ISIC_0026542,0,1
ISIC_0026544,0,1
ISIC_0026547,1,0
ISIC_0026549,1,0
ISIC_0026556,1,0
ISIC_0026565,1,0
ISIC_0026568,0,1
ISIC_0026577,1,0
ISIC_0026580,1,0
ISIC_0026592,1,0
ISIC_0026619,0,1
ISIC_0026632,1,0
ISIC_0026642,1,0
ISIC_0026647,0,1
ISIC_0026661,1,0
ISIC_0026671,1,0
ISIC_0026675,1,0
ISIC_0026683,0,1
ISIC_0026688,1,0
ISIC_0026689,1,0
ISIC_0026692,1,0
ISIC_0026697,1,0
ISIC_0026701,1,0
ISIC_0026709,1,0
ISIC_0026711,1,0
ISIC_0026712,1,0
ISIC_0026714,1,0
ISIC_0026726,0,1
ISIC_0026727,1,0
ISIC_0026737,0,1
ISIC_0026743,1,0
ISIC_0026744,0,1
ISIC_0026747,1,0
ISIC_0026754,0,1
ISIC_0026757,1,0
ISIC_0026761,0,1
ISIC_0026774,1,0
ISIC_0026782,1,0
ISIC_0026788,1,0
ISIC_0026790,0,1
ISIC_0026795,1,0
ISIC_0026805,1,0
ISIC_0026807,0,1
ISIC_0026809,1,0
ISIC_0026811,0,1
ISIC_0026818,1,0
ISIC_0026827,0,1
ISIC_0026829,0,1
ISIC_0026830,0,1
ISIC_0026833,0,1
ISIC_0026839,0,1
ISIC_0026845,1,0
ISIC_0026849,0,1
ISIC_0026859,0,1
ISIC_0026861,1,0
ISIC_0026865,1,0
ISIC_0026866,1,0
ISIC_0026875,0,1
ISIC_0026880,1,0
ISIC_0026883,0,1
ISIC_0026895,1,0
ISIC_0026900,0,1
ISIC_0026902,0,1
ISIC_0026904,0,1
ISIC_0026913,0,1
ISIC_0026921,0,1
ISIC_0026930,0,1
ISIC_0026934,0,1
ISIC_0026940,1,0
ISIC_0026941,1,0
ISIC_0026948,1,0
ISIC_0026957,1,0
ISIC_0026963,1,0
ISIC_0026972,0,1
ISIC_0026980,1,0
ISIC_0026984,1,0
ISIC_0026985,0,1
ISIC_0026987,1,0
ISIC_0027018,0,1
ISIC_0027020,1,0
ISIC_0027024,0,1
ISIC_0027033,0,1
ISIC_0027036,1,0
ISIC_0027054,0,1
ISIC_0027073,1,0
ISIC_0027081,0,1
ISIC_0027086,1,0
ISIC_0027093,0,1
ISIC_0027094,1,0
ISIC_0027096,0,1
ISIC_0027105,0,1
ISIC_0027106,0,1
ISIC_0027107,1,0
ISIC_0027122,1,0
ISIC_0027129,1,0
ISIC_0027130,1,0
ISIC_0027144,1,0
ISIC_0027156,1,0
ISIC_0027166,0,1
ISIC_0027167,1,0
ISIC_0027168,0,1
ISIC_0027172,1,0
ISIC_0027178,1,0
ISIC_0027183,0,1
ISIC_0027199,0,1
ISIC_0027216,1,0
ISIC_0027224,1,0
ISIC_0027228,1,0
ISIC_0027229,1,0
ISIC_0027231,0,1
ISIC_0027232,1,0
ISIC_0027234,1,0
ISIC_0027235,0,1
ISIC_0027246,1,0
ISIC_0027251,1,0
ISIC_0027255,1,0
ISIC_0027257,0,1
ISIC_0027261,0,1
ISIC_0027263,1,0
ISIC_0027272,0,1
ISIC_0027273,0,1
ISIC_0027278,1,0
ISIC_0027281,0,1
ISIC_0027287,0,1
ISIC_0027290,1,0
ISIC_0027330,0,1
ISIC_0027334,1,0
ISIC_0027335,0,1
ISIC_0027337,0,1
ISIC_0027355,1,0
ISIC_0027360,1,0
ISIC_0027362,1,0
ISIC_0027366,0,1
ISIC_0027367,0,1
ISIC_0027371,1,0
ISIC_0027373,1,0
ISIC_0027378,0,1
ISIC_0027379,1,0
ISIC_0027381,0,1
ISIC_0027385,0,1
ISIC_0027387,0,1
ISIC_0027388,1,0
ISIC_0027392,0,1
ISIC_0027394,1,0
ISIC_0027398,1,0
ISIC_0027402,0,1
ISIC_0027430,1,0
ISIC_0027431,1,0
ISIC_0027435,0,1
ISIC_0027444,1,0
ISIC_0027449,1,0
ISIC_0027451,1,0
ISIC_0027453,1,0
ISIC_0027458,0,1
ISIC_0027466,0,1
ISIC_0027475,1,0
ISIC_0027478,0,1
ISIC_0027484,1,0
ISIC_0027509,1,0
ISIC_0027529,1,0
ISIC_0027530,0,1
ISIC_0027545,1,0
ISIC_0027546,0,1
ISIC_0027557,0,1
ISIC_0027558,1,0
ISIC_0027574,1,0
ISIC_0027576,0,1
ISIC_0027579,1,0
ISIC_0027586,0,1
ISIC_0027587,0,1
ISIC_0027589,1,0
ISIC_0027606,0,1
ISIC_0027612,1,0
ISIC_0027614,1,0
ISIC_0027615,1,0
ISIC_0027618,0,1
ISIC_0027634,1,0
ISIC_0027638,0,1
ISIC_0027647,0,1
ISIC_0027655,0,1
ISIC_0027662,1,0
ISIC_0027668,1,0
ISIC_0027690,1,0
ISIC_0027691,0,1
ISIC_0027692,0,1
ISIC_0027696,1,0
ISIC_0027709,1,0
ISIC_0027740,0,1
ISIC_0027741,0,1
ISIC_0027742,0,1
ISIC_0027744,1,0
ISIC_0027752,0,1
ISIC_0027758,0,1
ISIC_0027775,0,1
ISIC_0027782,0,1
ISIC_0027785,1,0
ISIC_0027788,0,1
ISIC_0027790,1,0
ISIC_0027804,1,0
ISIC_0027812,1,0
ISIC_0027813,0,1
ISIC_0027814,0,1
ISIC_0027819,1,0
ISIC_0027820,0,1
ISIC_0027826,1,0
ISIC_0027827,1,0
ISIC_0027828,0,1
ISIC_0027832,0,1
ISIC_0027839,1,0
ISIC_0027842,0,1
ISIC_0027845,0,1
ISIC_0027847,0,1
ISIC_0027853,1,0
ISIC_0027880,0,1
ISIC_0027884,1,0
ISIC_0027890,1,0
ISIC_0027893,1,0
ISIC_0027904,0,1
ISIC_0027905,0,1
ISIC_0027918,0,1
ISIC_0027929,0,1
ISIC_0027941,0,1
ISIC_0027944,1,0
ISIC_0027953,0,1
ISIC_0027958,1,0
ISIC_0027959,1,0
ISIC_0027970,1,0
ISIC_0027977,1,0
ISIC_0027985,0,1
ISIC_0027987,0,1
ISIC_0027996,0,1
ISIC_0028020,0,1
ISIC_0028024,0,1
ISIC_0028025,0,1
ISIC_0028032,1,0
ISIC_0028036,1,0
ISIC_0028041,0,1
ISIC_0028042,1,0
ISIC_0028047,0,1
ISIC_0028055,1,0
ISIC_0028066,1,0
ISIC_0028067,1,0
ISIC_0028076,1,0
ISIC_0028078,1,0
ISIC_0028084,1,0
ISIC_0028090,0,1
ISIC_0028091,1,0
ISIC_0028092,0,1
ISIC_0028105,0,1
ISIC_0028116,1,0
ISIC_0028136,1,0
ISIC_0028139,1,0
ISIC_0028141,0,1
ISIC_0028159,1,0
ISIC_0028166,1,0
ISIC_0028182,1,0
ISIC_0028186,1,0
ISIC_0028188,0,1
ISIC_0028193,0,1
ISIC_0028206,1,0
ISIC_0028210,0,1
ISIC_0028213,1,0
ISIC_0028216,1,0
ISIC_0028221,1,0
ISIC_0028222,1,0
ISIC_0028223,0,1
ISIC_0028229,0,1
ISIC_0028232,0,1
ISIC_0028237,0,1
ISIC_0028241,0,1
ISIC_0028245,0,1
ISIC_0028246,0,1
ISIC_0028258,1,0
ISIC_0028261,1,0
ISIC_0028263,1,0
ISIC_0028268,0,1
ISIC_0028274,0,1
ISIC_0028288,0,1
ISIC_0028305,1,0
ISIC_0028308,1,0
ISIC_0028314,0,1
ISIC_0028320,1,0
ISIC_0028325,0,1
ISIC_0028326,0,1
ISIC_0028327,1,0
ISIC_0028334,0,1
ISIC_0028344,1,0
ISIC_0028347,1,0
ISIC_0028348,0,1
ISIC_0028351,1,0
ISIC_0028359,1,0
ISIC_0028362,0,1
ISIC_0028363,0,1
ISIC_0028364,1,0
ISIC_0028367,1,0
ISIC_0028370,1,0
ISIC_0028373,1,0
ISIC_0028376,1,0
ISIC_0028380,1,0
ISIC_0028384,1,0
ISIC_0028389,0,1
ISIC_0028390,1,0
ISIC_0028392,1,0
ISIC_0028395,0,1
ISIC_0028400,1,0
ISIC_0028403,0,1
ISIC_0028426,1,0
ISIC_0028460,0,1
ISIC_0028464,1,0
ISIC_0028468,1,0
ISIC_0028477,1,0
ISIC_0028479,1,0
ISIC_0028493,0,1
ISIC_0028494,1,0
ISIC_0028495,1,0
ISIC_0028504,1,0
ISIC_0028512,1,0
ISIC_0028519,1,0
ISIC_0028521,1,0
ISIC_0028524,1,0
ISIC_0028526,1,0
ISIC_0028528,1,0
ISIC_0028541,0,1
ISIC_0028542,0,1
ISIC_0028543,1,0
ISIC_0028547,1,0
ISIC_0028548,1,0
ISIC_0028558,1,0
ISIC_0028562,1,0
ISIC_0028563,0,1
ISIC_0028567,0,1
ISIC_0028571,1,0
ISIC_0028573,0,1
ISIC_0028584,1,0
ISIC_0028597,0,1
ISIC_0028599,1,0
ISIC_0028603,1,0
ISIC_0028613,1,0
ISIC_0028617,1,0
ISIC_0028625,0,1
ISIC_0028631,1,0
ISIC_0028632,1,0
ISIC_0028641,0,1
ISIC_0028643,1,0
ISIC_0028655,1,0
ISIC_0028656,0,1
ISIC_0028658,1,0
ISIC_0028665,1,0
ISIC_0028671,1,0
ISIC_0028679,1,0
ISIC_0028689,1,0
ISIC_0028697,0,1
ISIC_0028699,0,1
ISIC_0028706,0,1
ISIC_0028720,1,0
ISIC_0028729,1,0
ISIC_0028745,0,1
ISIC_0028761,1,0
ISIC_0028766,1,0
ISIC_0028770,1,0
ISIC_0028776,0,1
ISIC_0028780,0,1
ISIC_0028783,0,1
ISIC_0028785,1,0
ISIC_0028796,0,1
ISIC_0028805,1,0
ISIC_0028808,0,1
ISIC_0028828,0,1
ISIC_0028833,1,0
ISIC_0028834,1,0
ISIC_0028845,1,0
ISIC_0028854,1,0
ISIC_0028865,1,0
ISIC_0028867,0,1
ISIC_0028891,1,0
ISIC_0028899,1,0
ISIC_0028900,0,1
ISIC_0028904,0,1
ISIC_0028906,1,0
ISIC_0028922,0,1
ISIC_0028923,1,0
ISIC_0028925,1,0
ISIC_0028926,0,1
ISIC_0028939,0,1
ISIC_0028943,1,0
ISIC_0028945,1,0
ISIC_0028951,1,0
ISIC_0028954,0,1
ISIC_0028961,0,1
ISIC_0028964,0,1
ISIC_0028980,0,1
ISIC_0028985,1,0
ISIC_0028988,1,0
ISIC_0028989,0,1
ISIC_0029005,1,0
ISIC_0029006,0,1
ISIC_0029018,0,1
ISIC_0029021,1,0
ISIC_0029022,1,0
ISIC_0029028,1,0
ISIC_0029031,0,1
ISIC_0029033,0,1
ISIC_0029043,1,0
ISIC_0029053,0,1
ISIC_0029063,1,0
ISIC_0029067,1,0
ISIC_0029070,0,1
ISIC_0029080,0,1
ISIC_0029085,1,0
ISIC_0029099,1,0
ISIC_0029100,0,1
ISIC_0029101,1,0
ISIC_0029107,0,1
ISIC_0029109,1,0
ISIC_0029121,1,0
ISIC_0029122,0,1
ISIC_0029127,0,1
ISIC_0029141,1,0
ISIC_0029145,1,0
ISIC_0029146,1,0
ISIC_0029153,0,1
ISIC_0029164,0,1
ISIC_0029166,0,1
ISIC_0029168,0,1
ISIC_0029172,0,1
ISIC_0029181,0,1
ISIC_0029186,1,0
ISIC_0029188,0,1
ISIC_0029195,1,0
ISIC_0029203,0,1
ISIC_0029207,0,1
ISIC_0029209,0,1
ISIC_0029211,1,0
ISIC_0029212,0,1
ISIC_0029220,0,1
ISIC_0029230,0,1
ISIC_0029231,1,0
ISIC_0029232,1,0
ISIC_0029244,1,0
ISIC_0029250,0,1
ISIC_0029252,1,0
ISIC_0029260,0,1
ISIC_0029262,0,1
ISIC_0029268,1,0
ISIC_0029277,1,0
ISIC_0029281,1,0
ISIC_0029287,1,0
ISIC_0029293,1,0
ISIC_0029296,1,0
ISIC_0029308,1,0
ISIC_0029317,0,1
ISIC_0029318,0,1
ISIC_0029326,0,1
ISIC_0029331,0,1
ISIC_0029334,1,0
ISIC_0029345,1,0
ISIC_0029346,1,0
ISIC_0029347,1,0
ISIC_0029358,1,0
ISIC_0029364,0,1
ISIC_0029365,0,1
ISIC_0029377,1,0
ISIC_0029384,0,1
ISIC_0029394,1,0
ISIC_0029400,1,0
ISIC_0029420,1,0
ISIC_0029440,1,0
ISIC_0029441,1,0
ISIC_0029445,0,1
ISIC_0029448,1,0
ISIC_0029450,1,0
ISIC_0029456,1,0
ISIC_0029468,0,1
ISIC_0029473,1,0
ISIC_0029488,1,0
ISIC_0029491,0,1
ISIC_0029492,0,1
ISIC_0029493,1,0
ISIC_0029513,1,0
ISIC_0029515,0,1
ISIC_0029516,1,0
ISIC_0029523,0,1
ISIC_0029528,1,0
ISIC_0029530,1,0
ISIC_0029531,1,0
ISIC_0029533,1,0
ISIC_0029542,1,0
ISIC_0029545,0,1
ISIC_0029549,1,0
ISIC_0029550,0,1
ISIC_0029561,0,1
ISIC_0029565,0,1
ISIC_0029568,1,0
ISIC_0029569,1,0
ISIC_0029573,1,0
ISIC_0029577,1,0
ISIC_0029579,0,1
ISIC_0029580,0,1
ISIC_0029589,1,0
ISIC_0029600,1,0
ISIC_0029601,0,1
ISIC_0029603,0,1
ISIC_0029604,1,0
ISIC_0029609,1,0
ISIC_0029615,0,1
ISIC_0029619,1,0
ISIC_0029620,1,0
ISIC_0029621,1,0
ISIC_0029631,0,1
ISIC_0029644,1,0
ISIC_0029645,1,0
ISIC_0029647,1,0
ISIC_0029653,0,1
ISIC_0029654,0,1
ISIC_0029659,1,0
ISIC_0029666,1,0
ISIC_0029668,1,0
ISIC_0029673,1,0
ISIC_0029678,1,0
ISIC_0029680,1,0
ISIC_0029690,0,1
ISIC_0029694,0,1
ISIC_0029699,0,1
ISIC_0029703,1,0
ISIC_0029705,1,0
ISIC_0029707,1,0
ISIC_0029718,0,1
ISIC_0029719,1,0
ISIC_0029721,0,1
ISIC_0029729,0,1
ISIC_0029739,0,1
ISIC_0029742,0,1
ISIC_0029748,1,0
ISIC_0029749,0,1
ISIC_0029750,0,1
ISIC_0029762,1,0
ISIC_0029768,1,0
ISIC_0029773,0,1
ISIC_0029777,1,0
ISIC_0029789,0,1
ISIC_0029794,1,0
ISIC_0029799,0,1
ISIC_0029802,0,1
ISIC_0029803,1,0
ISIC_0029807,1,0
ISIC_0029811,1,0
ISIC_0029818,0,1
ISIC_0029826,0,1
ISIC_0029827,1,0
ISIC_0029834,0,1
ISIC_0029846,0,1
ISIC_0029854,1,0
ISIC_0029855,0,1
ISIC_0029859,1,0
ISIC_0029867,0,1
ISIC_0029874,1,0
ISIC_0029875,0,1
ISIC_0029905,1,0
ISIC_0029911,1,0
ISIC_0029918,1,0
ISIC_0029930,1,0
ISIC_0029934,0,1
ISIC_0029939,0,1
ISIC_0029940,1,0
ISIC_0029950,0,1
ISIC_0029957,0,1
ISIC_0029959,0,1
ISIC_0029966,1,0
ISIC_0029972,0,1
ISIC_0029976,1,0
ISIC_0029986,0,1
ISIC_0029994,1,0
ISIC_0030008,1,0
ISIC_0030012,1,0
ISIC_0030036,1,0
ISIC_0030037,0,1
ISIC_0030048,1,0
ISIC_0030049,0,1
ISIC_0030053,0,1
ISIC_0030054,0,1
ISIC_0030059,1,0
ISIC_0030063,0,1
ISIC_0030064,0,1
ISIC_0030076,1,0
ISIC_0030091,1,0
ISIC_0030092,0,1
ISIC_0030094,1,0
ISIC_0030130,0,1
ISIC_0030135,1,0
ISIC_0030137,1,0
ISIC_0030140,1,0
ISIC_0030144,1,0
ISIC_0030158,1,0
ISIC_0030161,0,1
ISIC_0030163,1,0
ISIC_0030170,1,0
ISIC_0030171,0,1
ISIC_0030175,0,1
ISIC_0030176,0,1
ISIC_0030184,0,1
ISIC_0030196,1,0
ISIC_0030197,0,1
ISIC_0030210,1,0
ISIC_0030215,1,0
ISIC_0030219,0,1
ISIC_0030221,1,0
ISIC_0030224,1,0
ISIC_0030231,0,1
ISIC_0030233,0,1
ISIC_0030238,0,1
ISIC_0030241,1,0
ISIC_0030247,1,0
ISIC_0030256,1,0
ISIC_0030283,1,0
ISIC_0030290,1,0
ISIC_0030291,0,1
ISIC_0030297,1,0
ISIC_0030301,0,1
ISIC_0030309,0,1
ISIC_0030311,0,1
ISIC_0030317,0,1
ISIC_0030335,1,0
ISIC_0030344,1,0
ISIC_0030349,1,0
ISIC_0030359,1,0
ISIC_0030377,0,1
ISIC_0030395,0,1
ISIC_0030396,0,1
ISIC_0030402,0,1
ISIC_0030417,1,0
ISIC_0030423,1,0
ISIC_0030429,0,1
ISIC_0030433,1,0
ISIC_0030434,1,0
ISIC_0030435,0,1
ISIC_0030441,0,1
ISIC_0030444,1,0
ISIC_0030454,0,1
ISIC_0030463,1,0
ISIC_0030466,1,0
ISIC_0030468,0,1
ISIC_0030469,1,0
ISIC_0030474,0,1
ISIC_0030483,1,0
ISIC_0030503,1,0
ISIC_0030511,0,1
ISIC_0030513,0,1
ISIC_0030520,1,0
ISIC_0030524,1,0
ISIC_0030529,0,1
ISIC_0030532,1,0
ISIC_0030539,1,0
ISIC_0030546,0,1
ISIC_0030549,1,0
ISIC_0030563,1,0
ISIC_0030564,0,1
ISIC_0030568,0,1
ISIC_0030580,1,0
ISIC_0030584,0,1
ISIC_0030585,0,1
ISIC_0030594,0,1
ISIC_0030605,0,1
ISIC_0030611,0,1
ISIC_0030614,1,0
ISIC_0030617,1,0
ISIC_0030626,0,1
ISIC_0030628,1,0
ISIC_0030635,1,0
ISIC_0030647,1,0
ISIC_0030651,0,1
ISIC_0030665,1,0
ISIC_0030671,1,0
ISIC_0030679,1,0
ISIC_0030697,0,1
ISIC_0030701,1,0
ISIC_0030702,0,1
ISIC_0030729,1,0
ISIC_0030755,0,1
ISIC_0030756,0,1
ISIC_0030758,1,0
ISIC_0030762,1,0
ISIC_0030778,0,1
ISIC_0030779,0,1
ISIC_0030782,0,1
ISIC_0030783,1,0
ISIC_0030803,1,0
ISIC_0030804,0,1
ISIC_0030809,1,0
ISIC_0030812,1,0
ISIC_0030814,0,1
ISIC_0030819,1,0
ISIC_0030833,1,0
ISIC_0030837,1,0
ISIC_0030843,0,1
ISIC_0030846,0,1
ISIC_0030850,0,1
ISIC_0030852,1,0
ISIC_0030858,1,0
ISIC_0030871,0,1
ISIC_0030874,1,0
ISIC_0030892,0,1
ISIC_0030900,1,0
ISIC_0030906,1,0
ISIC_0030907,0,1
ISIC_0030910,0,1
ISIC_0030913,0,1
ISIC_0030917,1,0
ISIC_0030921,1,0
ISIC_0030925,0,1
ISIC_0030937,1,0
ISIC_0030939,0,1
ISIC_0030956,0,1
ISIC_0030959,1,0
ISIC_0030966,1,0
ISIC_0030974,0,1
ISIC_0030977,1,0
ISIC_0030981,1,0
ISIC_0030983,1,0
ISIC_0030986,1,0
ISIC_0030992,0,1
ISIC_0030996,0,1
ISIC_0030998,1,0
ISIC_0031000,1,0
ISIC_0031009,0,1
ISIC_0031010,0,1
ISIC_0031012,1,0
ISIC_0031023,0,1
ISIC_0031028,0,1
ISIC_0031033,1,0
ISIC_0031036,1,0
ISIC_0031037,1,0
ISIC_0031038,0,1
ISIC_0031041,0,1
ISIC_0031048,1,0
ISIC_0031062,0,1
ISIC_0031063,1,0
ISIC_0031075,0,1
ISIC_0031084,1,0
ISIC_0031086,0,1
ISIC_0031092,0,1
ISIC_0031113,1,0
ISIC_0031119,0,1
ISIC_0031121,1,0
ISIC_0031123,0,1
ISIC_0031126,1,0
ISIC_0031128,1,0
ISIC_0031130,1,0
ISIC_0031131,1,0
ISIC_0031132,1,0
ISIC_0031137,1,0
ISIC_0031145,1,0
ISIC_0031151,0,1
ISIC_0031155,1,0
ISIC_0031162,1,0
ISIC_0031174,0,1
ISIC_0031185,0,1
ISIC_0031188,1,0
ISIC_0031193,1,0
ISIC_0031196,0,1
ISIC_0031213,0,1
ISIC_0031214,0,1
ISIC_0031220,1,0
ISIC_0031232,0,1
ISIC_0031233,0,1
ISIC_0031239,1,0
ISIC_0031248,0,1
ISIC_0031264,1,0
ISIC_0031269,1,0
ISIC_0031275,1,0
ISIC_0031282,0,1
ISIC_0031283,0,1
ISIC_0031294,0,1
ISIC_0031302,1,0
ISIC_0031304,1,0
ISIC_0031339,1,0
ISIC_0031342,0,1
ISIC_0031343,1,0
ISIC_0031346,0,1
ISIC_0031350,0,1
ISIC_0031351,0,1
ISIC_0031352,0,1
ISIC_0031353,1,0
ISIC_0031358,1,0
ISIC_0031360,0,1
ISIC_0031362,0,1
ISIC_0031374,1,0
ISIC_0031382,0,1
ISIC_0031386,0,1
ISIC_0031390,1,0
ISIC_0031392,0,1
ISIC_0031393,0,1
ISIC_0031407,0,1
ISIC_0031408,1,0
ISIC_0031413,0,1
ISIC_0031416,1,0
ISIC_0031418,0,1
ISIC_0031420,0,1
ISIC_0031430,1,0
ISIC_0031437,0,1
ISIC_0031441,1,0
ISIC_0031447,1,0
ISIC_0031459,0,1
ISIC_0031472,0,1
ISIC_0031474,0,1
ISIC_0031482,0,1
ISIC_0031488,1,0
ISIC_0031494,1,0
ISIC_0031502,1,0
ISIC_0031506,1,0
ISIC_0031509,0,1
ISIC_0031517,1,0
ISIC_0031534,1,0
ISIC_0031540,0,1
ISIC_0031542,0,1
ISIC_0031559,1,0
ISIC_0031563,0,1
ISIC_0031565,0,1
ISIC_0031575,1,0
ISIC_0031590,1,0
ISIC_0031598,0,1
ISIC_0031605,1,0
ISIC_0031613,0,1
ISIC_0031634,1,0
ISIC_0031644,0,1
ISIC_0031658,0,1
ISIC_0031660,1,0
ISIC_0031664,0,1
ISIC_0031668,1,0
ISIC_0031672,0,1
ISIC_0031683,1,0
ISIC_0031693,0,1
ISIC_0031699,0,1
ISIC_0031709,1,0
ISIC_0031716,0,1
ISIC_0031717,0,1
ISIC_0031718,0,1
ISIC_0031719,1,0
ISIC_0031722,0,1
ISIC_0031724,0,1
ISIC_0031727,1,0
ISIC_0031731,0,1
ISIC_0031738,1,0
ISIC_0031742,1,0
ISIC_0031747,0,1
ISIC_0031748,0,1
ISIC_0031750,1,0
ISIC_0031756,1,0
ISIC_0031765,1,0
ISIC_0031774,0,1
ISIC_0031784,1,0
ISIC_0031795,1,0
ISIC_0031817,0,1
ISIC_0031829,1,0
ISIC_0031835,1,0
ISIC_0031844,0,1
ISIC_0031848,1,0
ISIC_0031860,1,0
ISIC_0031864,0,1
ISIC_0031870,1,0
ISIC_0031875,1,0
ISIC_0031881,0,1
ISIC_0031901,1,0
ISIC_0031903,0,1
ISIC_0031904,0,1
ISIC_0031905,1,0
ISIC_0031914,1,0
ISIC_0031923,1,0
ISIC_0031925,0,1
ISIC_0031930,0,1
ISIC_0031931,1,0
ISIC_0031935,0,1
ISIC_0031946,1,0
ISIC_0031948,0,1
ISIC_0031953,1,0
ISIC_0031959,0,1
ISIC_0031963,0,1
ISIC_0031964,1,0
ISIC_0031970,1,0
ISIC_0031972,1,0
ISIC_0031980,0,1
ISIC_0031981,1,0
ISIC_0031997,0,1
ISIC_0032000,1,0
ISIC_0032007,0,1
ISIC_0032008,0,1
ISIC_0032014,1,0
ISIC_0032015,1,0
ISIC_0032017,1,0
ISIC_0032028,1,0
ISIC_0032032,1,0
ISIC_0032037,1,0
ISIC_0032046,1,0
ISIC_0032047,1,0
ISIC_0032070,0,1
ISIC_0032071,0,1
ISIC_0032090,1,0
ISIC_0032102,1,0
ISIC_0032104,1,0
ISIC_0032124,0,1
ISIC_0032126,0,1
ISIC_0032127,0,1
ISIC_0032130,0,1
ISIC_0032131,1,0
ISIC_0032143,1,0
ISIC_0032145,1,0
ISIC_0032154,0,1
ISIC_0032158,0,1
ISIC_0032167,1,0
ISIC_0032172,1,0
ISIC_0032191,0,1
ISIC_0032194,0,1
ISIC_0032207,0,1
ISIC_0032208,0,1
ISIC_0032212,0,1
ISIC_0032213,1,0
ISIC_0032214,0,1
ISIC_0032236,1,0
ISIC_0032237,1,0
ISIC_0032241,0,1
ISIC_0032245,1,0
ISIC_0032248,0,1
ISIC_0032253,1,0
ISIC_0032257,0,1
ISIC_0032261,0,1
ISIC_0032269,0,1
ISIC_0032274,1,0
ISIC_0032278,1,0
ISIC_0032282,0,1
ISIC_0032286,0,1
ISIC_0032287,1,0
ISIC_0032288,1,0
ISIC_0032299,0,1
ISIC_0032309,1,0
ISIC_0032311,1,0
ISIC_0032312,1,0
ISIC_0032316,1,0
ISIC_0032326,1,0
ISIC_0032336,1,0
ISIC_0032339,0,1
ISIC_0032349,1,0
ISIC_0032357,1,0
ISIC_0032358,1,0
ISIC_0032361,0,1
ISIC_0032373,0,1
ISIC_0032376,0,1
ISIC_0032384,1,0
ISIC_0032385,1,0
ISIC_0032387,0,1
ISIC_0032388,1,0
ISIC_0032389,1,0
ISIC_0032401,1,0
ISIC_0032402,1,0
ISIC_0032412,1,0
ISIC_0032421,1,0
ISIC_0032423,1,0
ISIC_0032426,0,1
ISIC_0032430,1,0
ISIC_0032433,0,1
ISIC_0032434,0,1
ISIC_0032437,0,1
ISIC_0032440,1,0
ISIC_0032444,1,0
ISIC_0032450,0,1
ISIC_0032454,1,0
ISIC_0032459,1,0
ISIC_0032463,1,0
ISIC_0032471,1,0
ISIC_0032480,0,1
ISIC_0032481,1,0
ISIC_0032485,1,0
ISIC_0032492,1,0
ISIC_0032494,1,0
ISIC_0032496,0,1
ISIC_0032505,0,1
ISIC_0032512,1,0
ISIC_0032513,0,1
ISIC_0032519,1,0
ISIC_0032551,1,0
ISIC_0032554,1,0
ISIC_0032557,1,0
ISIC_0032562,1,0
ISIC_0032567,0,1
ISIC_0032571,1,0
ISIC_0032580,1,0
ISIC_0032585,1,0
ISIC_0032590,0,1
ISIC_0032591,1,0
ISIC_0032597,0,1
ISIC_0032599,1,0
ISIC_0032602,1,0
ISIC_0032604,0,1
ISIC_0032607,1,0
ISIC_0032616,1,0
ISIC_0032630,1,0
ISIC_0032633,1,0
ISIC_0032634,1,0
ISIC_0032636,1,0
ISIC_0032648,0,1
ISIC_0032650,1,0
ISIC_0032664,0,1
ISIC_0032665,0,1
ISIC_0032674,0,1
ISIC_0032682,0,1
ISIC_0032695,0,1
ISIC_0032696,1,0
ISIC_0032697,0,1
ISIC_0032698,0,1
ISIC_0032702,0,1
ISIC_0032704,0,1
ISIC_0032708,0,1
ISIC_0032712,1,0
ISIC_0032718,1,0
ISIC_0032720,1,0
ISIC_0032725,1,0
ISIC_0032727,0,1
ISIC_0032752,1,0
ISIC_0032756,1,0
ISIC_0032759,1,0
ISIC_0032766,0,1
ISIC_0032784,0,1
ISIC_0032786,0,1
ISIC_0032789,1,0
ISIC_0032826,0,1
ISIC_0032845,0,1
ISIC_0032853,0,1
ISIC_0032864,0,1
ISIC_0032867,0,1
ISIC_0032874,0,1
ISIC_0032875,1,0
ISIC_0032893,1,0
ISIC_0032912,1,0
ISIC_0032915,0,1
ISIC_0032923,1,0
ISIC_0032924,0,1
ISIC_0032930,1,0
ISIC_0032946,0,1
ISIC_0032956,1,0
ISIC_0032962,0,1
ISIC_0032972,0,1
ISIC_0032982,0,1
ISIC_0032983,1,0
ISIC_0032992,1,0
ISIC_0033012,1,0
ISIC_0033013,1,0
ISIC_0033021,0,1
ISIC_0033024,0,1
ISIC_0033027,1,0
ISIC_0033028,1,0
ISIC_0033029,0,1
ISIC_0033038,0,1
ISIC_0033039,1,0
ISIC_0033041,1,0
ISIC_0033043,1,0
ISIC_0033050,0,1
ISIC_0033053,1,0
ISIC_0033054,1,0
ISIC_0033060,0,1
ISIC_0033062,1,0
ISIC_0033066,1,0
ISIC_0033068,1,0
ISIC_0033072,1,0
ISIC_0033079,0,1
ISIC_0033080,1,0
ISIC_0033093,1,0
ISIC_0033095,0,1
ISIC_0033097,0,1
ISIC_0033106,0,1
ISIC_0033118,1,0
ISIC_0033119,0,1
ISIC_0033125,1,0
ISIC_0033132,0,1
ISIC_0033145,1,0
ISIC_0033155,1,0
ISIC_0033164,1,0
ISIC_0033165,0,1
ISIC_0033166,0,1
ISIC_0033173,0,1
ISIC_0033180,0,1
ISIC_0033183,0,1
ISIC_0033189,0,1
ISIC_0033198,1,0
ISIC_0033203,0,1
ISIC_0033204,0,1
ISIC_0033225,1,0
ISIC_0033227,1,0
ISIC_0033232,1,0
ISIC_0033237,1,0
ISIC_0033257,0,1
ISIC_0033262,1,0
ISIC_0033307,0,1
ISIC_0033316,1,0
ISIC_0033322,1,0
ISIC_0033334,0,1
ISIC_0033341,1,0
ISIC_0033345,1,0
ISIC_0033347,1,0
ISIC_0033352,0,1
ISIC_0033373,0,1
ISIC_0033375,1,0
ISIC_0033387,0,1
ISIC_0033395,1,0
ISIC_0033396,0,1
ISIC_0033399,0,1
ISIC_0033400,0,1
ISIC_0033407,0,1
ISIC_0033413,1,0
ISIC_0033438,1,0
ISIC_0033439,1,0
ISIC_0033443,1,0
ISIC_0033449,0,1
ISIC_0033452,0,1
ISIC_0033455,0,1
ISIC_0033462,1,0
ISIC_0033463,1,0
ISIC_0033473,1,0
ISIC_0033478,0,1
ISIC_0033479,0,1
ISIC_0033490,1,0
ISIC_0033491,1,0
ISIC_0033494,1,0
ISIC_0033498,1,0
ISIC_0033499,0,1
ISIC_0033502,0,1
ISIC_0033511,0,1
ISIC_0033525,0,1
ISIC_0033540,1,0
ISIC_0033541,0,1
ISIC_0033547,0,1
ISIC_0033556,1,0
ISIC_0033564,1,0
ISIC_0033566,1,0
ISIC_0033567,1,0
ISIC_0033572,0,1
ISIC_0033575,0,1
ISIC_0033576,0,1
ISIC_0033584,1,0
ISIC_0033585,0,1
ISIC_0033591,1,0
ISIC_0033598,0,1
ISIC_0033603,1,0
ISIC_0033605,1,0
ISIC_0033613,0,1
ISIC_0033618,1,0
ISIC_0033627,1,0
ISIC_0033638,0,1
ISIC_0033647,1,0
ISIC_0033649,0,1
ISIC_0033652,0,1
ISIC_0033657,1,0
ISIC_0033664,0,1
ISIC_0033667,1,0
ISIC_0033676,0,1
ISIC_0033686,0,1
ISIC_0033698,0,1
ISIC_0033706,0,1
ISIC_0033709,0,1
ISIC_0033710,0,1
ISIC_0033711,0,1
ISIC_0033713,0,1
ISIC_0033716,0,1
ISIC_0033719,1,0
ISIC_0033720,0,1
ISIC_0033727,0,1
ISIC_0033728,1,0
ISIC_0033731,0,1
ISIC_0033746,0,1
ISIC_0033757,1,0
ISIC_0033761,0,1
ISIC_0033763,1,0
ISIC_0033766,1,0
ISIC_0033774,1,0
ISIC_0033782,1,0
ISIC_0033801,1,0
ISIC_0033821,1,0
ISIC_0033829,1,0
ISIC_0033834,0,1
ISIC_0033835,0,1
ISIC_0033838,1,0
ISIC_0033839,0,1
ISIC_0033844,1,0
ISIC_0033847,1,0
ISIC_0033853,0,1
ISIC_0033856,1,0
ISIC_0033857,0,1
ISIC_0033867,1,0
ISIC_0033870,0,1
ISIC_0033872,0,1
ISIC_0033880,1,0
ISIC_0033882,1,0
ISIC_0033883,0,1
ISIC_0033888,1,0
ISIC_0033893,1,0
ISIC_0033898,1,0
ISIC_0033925,1,0
ISIC_0033926,0,1
ISIC_0033930,0,1
ISIC_0033931,0,1
ISIC_0033946,1,0
ISIC_0033948,0,1
ISIC_0033960,0,1
ISIC_0033963,1,0
ISIC_0033966,0,1
ISIC_0033975,0,1
ISIC_0033977,0,1
ISIC_0033988,1,0
ISIC_0033993,1,0
ISIC_0033994,1,0
ISIC_0033995,1,0
ISIC_0034002,0,1
ISIC_0034005,0,1
ISIC_0034014,1,0
ISIC_0034018,1,0
ISIC_0034022,1,0
ISIC_0034023,1,0
ISIC_0034028,0,1
ISIC_0034042,0,1
ISIC_0034046,0,1
ISIC_0034055,1,0
ISIC_0034071,0,1
ISIC_0034072,1,0
ISIC_0034075,1,0
ISIC_0034076,0,1
ISIC_0034083,0,1
ISIC_0034085,0,1
ISIC_0034090,0,1
ISIC_0034093,0,1
ISIC_0034098,0,1
ISIC_0034104,0,1
ISIC_0034114,0,1
ISIC_0034115,1,0
ISIC_0034118,0,1
ISIC_0034127,0,1
ISIC_0034132,1,0
ISIC_0034134,0,1
ISIC_0034135,1,0
ISIC_0034137,1,0
ISIC_0034139,1,0
ISIC_0034145,0,1
ISIC_0034152,0,1
ISIC_0034163,1,0
ISIC_0034167,1,0
ISIC_0034171,0,1
ISIC_0034177,1,0
ISIC_0034178,1,0
ISIC_0034179,1,0
ISIC_0034189,1,0
ISIC_0034199,0,1
ISIC_0034200,0,1
ISIC_0034222,1,0
ISIC_0034223,0,1
ISIC_0034235,1,0
ISIC_0034240,0,1
ISIC_0034242,0,1
ISIC_0034255,1,0
ISIC_0034265,1,0
ISIC_0034277,1,0
ISIC_0034279,1,0
ISIC_0034291,1,0
ISIC_0034298,0,1
ISIC_0034304,0,1
ISIC_0034309,1,0
ISIC_0034312,1,0
ISIC_0034316,0,1
